test_id,test_fam,true_pos,true_lat,true_lon,text,result_id,status,message,family,pattern,matchtext,lat,lon,mgrs,precision,offset
,,false,,,,MGRS-01#1,PASS,,MGRS,MGRS-01,4QFJ 50007000,21.426157,-157.552621,4QFJ5000570005,10,0
,,false,,,,MGRS-01#2,PASS,,MGRS,MGRS-01,38SMB4611036560,32.8658344,44.4239966,38SMB4611036560,1,0
,,false,,,,MGRS-01#3,PASS,,MGRS,MGRS-01,38SMB46113656,32.865875,44.424044,38SMB4611536565,10,0
,,false,,,,MGRS-01#4,PASS,,MGRS,MGRS-01,8SMB46113656,32.865875,-135.575956,8SMB4611436565,10,0
,,false,,,,MGRS-01#5,PASS,,MGRS,MGRS-01,38SMB 4611036560,32.8658344,44.4239966,38SMB4611036560,1,0
,,false,,,,MGRS-01#6,PASS,,MGRS,MGRS-01,38SMB 46113656,32.865875,44.424044,38SMB4611536565,10,0
,,false,,,,MGRS-01#7,PASS,,MGRS,MGRS-01,38SMB 461136560,32.8658344,44.4239966,38SMB4611036560,1,0
,,false,,,,MGRS-01#7,PASS,,MGRS,MGRS-01,38SMB 461136560,33.1277732,44.4223244,38SMB4611365600,1,0
,,false,,,,MGRS-01#8,PASS,,MGRS,MGRS-01,38SMB 46110 3656,32.8658344,44.4239966,38SMB4611036560,1,0
,,false,,,,MGRS-01#9,PASS,,MGRS,MGRS-01,38SMB 4611 03656,32.5690295,44.4259013,38SMB4611003656,1,0
,,false,,,,MGRS-01#10,PASS,,MGRS,MGRS-01,38SMB 4611 03656,32.5690295,44.4259013,38SMB4611003656,1,0
,,false,,,,MGRS-01#11,PASS,,MGRS,MGRS-01,38SMB 4611 03656 4,32.8658705,44.4239964,38SMB4611036564,1,0
,,false,,,,MGRS-01#12,PASS,,MGRS,MGRS-01,38SMB 461 03656 4,32.8658700,44.4238895,38SMB4610036564,1,0
,,false,,,,MGRS-01#12,PASS,,MGRS,MGRS-01,38SMB 461 03656 4,33.1281335,44.4222148,38SMB4610365640,1,0
,,false,,,,MGRS-01#13,PASS,,MGRS,MGRS-01,38SMB 0461 0365,32.566220,43.983886,38SMB0461403655,10,0
,,false,,,,MGRS-01#14,PASS,,MGRS,MGRS-01,38SMB 00461 00365,32.5361848,43.9399951,38SMB0046100365,1,0
,,false,,,,MGRS-01#15,PASS,,MGRS,MGRS-01,38SMB 04610 03650,32.5661788,43.9838387,38SMB0461003650,1,0
,,false,,,,MGRS-01#16,PASS,,MGRS,MGRS-01,38SMB 04610 0365,32.5661788,43.9838387,38SMB0461003650,1,0
,,false,,,,MGRS-01#17,PASS,,MGRS,MGRS-01,38SMB 46110365 60,32.8658344,44.4239966,38SMB4611036560,1,0
,,false,,,,MGRS-01#18,PASS,,MGRS,MGRS-01,38SMB 46110365 60,32.8658344,44.4239966,38SMB4611036560,1,0
,,false,,,,MGRS-01#19,PASS,,MGRS,MGRS-01,38SMB 46110365,32.569016,44.425949,38SMB4611403655,10,0
,,false,,,,MGRS-01#20,PASS,,MGRS,MGRS-01,38 SMB 4611 3656,32.865875,44.424044,38SMB4611536565,10,0
,,false,,,,MGRS-01#21,PASS,Test Payload: 42 RPR 4611 3656 FAIL 42 RP*  P not valid lat band in 42 longitudinal zone; ,,,,,,,,
,,false,,,,MGRS-01#22,PASS,"Test Payload: 42WDB 4611 3656   FAIL, D not a valid zone; ",,,,,,,,
,,false,,,,MGRS-01#23,PASS,Test Payload: 63SNV 6567 7888   FAIL; ,,,,,,,,
,,false,,,,MGRS-01#24,PASS,Test Payload: 00SNV 6567 7888   FAIL; ,,,,,,,,
,,false,,,,MGRS-01#25,PASS,Test Payload: 0SNV 6567 7888   FAIL; ,,,,,,,,
,,false,,,,MGRS-01#26,PASS,Test Payload: 20 PER 1000 FAIL - appears to be a rate of some sort.; ,,,,,,,,
,,false,,,,MGRS-01#27,PASS,Test Payload: 10 JAN 1994 FAIL - appears to be a date of some sort.; ,,,,,,,,
,,false,,,,MGRS-01#28,PASS,Test Payload: 10 JAN 94 FAIL - appears to be a date of some sort.; ,,,,,,,,
,,false,,,,MGRS-01#29,PASS,Test Payload: 1 JAN 94 FAIL - appears to be a date of some sort.; ,,,,,,,,
,,false,,,,MGRS-01#30,PASS,Test Payload: 01 JAN 94 FAIL - appears to be a date of some sort.  past century; ,,,,,,,,
,,false,,,,MGRS-01#31,PASS,Test Payload: 10 JAN 13 FAIL - appears to be a date of some sort.; ,,,,,,,,
,,false,,,,MGRS-01#32,PASS,Test Payload: 1 JAN 13 FAIL - appears to be a date of some sort.; ,,,,,,,,
,,false,,,,MGRS-01#33,PASS,Test Payload: 4 JUL 2008 FAIL - appears to be a date of some sort; and also invalid MGRS; ,,,,,,,,
,,false,,,,MGRS-01#34,PASS,"Test Payload: 01 JAN 13 FAIL - appears to be a date of some sort.   current year, 2013; ",,,,,,,,
,,false,,,,MGRS-01#35,PASS,Test Payload: 14 JAN 00 FAIL - appears to be a date of some sort.   year 2000; ,,,,,,,,
,,false,,,,MGRS-01#36,PASS,Test Payload: 14 JAN 30 FAIL - appears to be a date of some sort.   year 1930?; ,,,,,,,,
,,false,,,,UTM-01#37,PASS,,UTM,UTM-01,17N 699990 3333335,30.11490,-78.92427,17RPP9999033335,100,0
,,false,,,,UTM-01#38,PASS,,UTM,UTM-01,17S 699990 3333335,-60.08809,-77.40377,18EUU6629936346,100,0
,,false,,,,UTM-01#39,PASS,,UTM,UTM-01,17T 699990 3333335,30.11490,-78.92427,17RPP9999033335,100,0
,,false,,,,UTM-01#40,PASS,,UTM,UTM-01,7S 699990 3333335,-60.08809,-137.40377,8ELU6629936346,100,0
,,false,,,,UTM-01#41,PASS,,UTM,UTM-01,17N6999903333335,30.11490,-78.92427,17RPP9999033335,100,0
,,false,,,,UTM-01#42,PASS,Test Payload: 17 6999903333335     fail ambiguous; ,,,,,,,,
,,false,,,,UTM-01#43,PASS,,UTM,UTM-01,17N 699990m 3333335m,30.11490,-78.92427,17RPP9999033335,100,0
,,false,,,,UTM-01#44,PASS,,UTM,UTM-01,17S 699990mE 3333335mN,-60.08809,-77.40377,18EUU6629936346,100,0
,,false,,,,UTM-01#45,PASS,,UTM,UTM-01,17N 699990Em 3333335Nm,30.11490,-78.92427,17RPP9999033335,100,0
,,false,,,,UTM-01#46,PASS,,UTM,UTM-01,17X 699990e 3333335n,30.11490,-78.92427,17RPP9999033335,100,0
,,false,,,,UTM-01#47,PASS,,UTM,UTM-01,17D 699990E 3333335N,-60.08809,-77.40377,18EUU6629936346,100,0
,,false,,,,DM-00#48,PASS,,DM,DM-00,4218N-009 10224W-003,42.30015,-102.40005,13TGG1431486376,15,0
,,false,,,,DM-00#49,PASS,,DM,DM-00,4218N.009 10224W.003,42.30015,-102.40005,13TGG1431486376,15,0
,,false,,,,DM-00#50,PASS,,DM,DM-00,42-18N-009 102-24W-003,42.30015,-102.40005,13TGG1431486376,15,0
,,false,,,,DM-00#51,PASS,,DM,DM-00,42 18N-009 102 24W-003,42.30015,-102.40005,13TGG1431486376,15,0
,,false,,,,DM-00#52,PASS,"Test Payload: 78 44N-009, 092 24N-003  FAIL,  both hemispheres are N; ",,,,,,,,
,,false,,,,DM-00#53,PASS,"Test Payload: 98 44N-009, 292 24W-003  FAIL,  XY out of range; ",,,,,,,,
,,false,,,,DM-01a#54,PASS,,DM,DM-01a,42 18.009N 102 24.003W,42.30015,-102.40005,13TGG1431486376,15,0
,,false,,,,DM-01a#55,PASS,,DM,DM-01a,42 18.00 N 102 24.00W,42.3000,-102.4000,13TGG1431886359,15,0
,,false,,,,DM-01a#56,PASS,,DM,DM-01a,42 18-00 N 102 24-00W,42.3000,-102.4000,13TGG1431886359,15,0
,,false,,,,DM-01a#57,PASS,,DM,DM-01a,42-18-09N; 102-24-03W,42.3015,-102.4005,13TGG1427286524,15,0
,,false,,,,DM-01a#58,PASS,,DM,DM-01a,42 9-00 N 102 6-00W,42.150,-102.100,13TGG3961670502,900,0
,,false,,,,DM-01a#59,PASS,,DM,DM-01a,42 9.009 N 102 6.003W,42.1502,-102.1001,13TGG3961170518,15,0
,,false,,,,DM-01a#60,PASS,,DM,DM-01a,42 18-009N 102 24-003W,42.30015,-102.40005,13TGG1431486376,15,0
,,false,,,,DM-01a#61,PASS,,DM,DM-01a-dot,42.18.009N 102.24.003W,42.30015,-102.40005,13TGG1431486376,15,0
,,false,,,,DM-01a#62,PASS,,DM,DM-01a,42-18-009N; 102-24-003W,42.30015,-102.40005,13TGG1431486376,15,0
,,false,,,,DM-01a#63,PASS,,DM,DM-01a,42° 18.009'N; 102° 24.003'W,42.30015,-102.40005,13TGG1431486376,15,0
,,false,,,,DM-01a#64,PASS,,DM,DM-01a,42° 18.009N; 102° 24.003W,42.30015,-102.40005,13TGG1431486376,15,0
,,false,,,,DM-01a#65,PASS,,DM,DM-01a,42°18.009N; 102°24.003W,42.30015,-102.40005,13TGG1431486376,15,0
,,false,,,,DM-01a#66,PASS,,DM,DM-01a,12° 18.009N; 2° 24.003W,12.30015,-2.40005,30PWU6523759816,15,0
,,false,,,,DM-01a#67,PASS,,DM,DM-01a,42-18-09N; 102-24-03W,42.3015,-102.4005,13TGG1427286524,15,0
,,false,,,,DM-01a#68,PASS,,DM,DM-01a,42-18-09N; 102-24-03W,42.3015,-102.4005,13TGG1427286524,15,0
,,false,,,,DM-01a#69,PASS,,DM,DM-01a,42-18-009N; 102-24-003W,42.30015,-102.40005,13TGG1431486376,15,0
,,false,,,,DM-01a#70,PASS,,DM,DM-01a-dot,42.18.009N 102.24.003W,42.30015,-102.40005,13TGG1431486376,15,0
,,false,,,,DM-01a#71,PASS,,DM,DM-01a-dot,42.18.009N x 102.24.003W,42.30015,-102.40005,13TGG1431486376,15,0
,,false,,,,DM-01a#72,PASS,,DM,DM-01a-dot,42.18.9999 N 102.24.5555 W,42.316666,-102.409256,13TGG1349988186,15,0
,,false,,,,DM-01a#73,PASS,,DM,DM-01a,42°18'N 102°24'W,42.30,-102.40,13TGG1431886359,900,0
,,false,,,,DM-01a#74,PASS,,DM,DM-01a,42° 18'N 102° 24'W,42.30,-102.40,13TGG1431886359,900,0
,,false,,,,DM-01a#75,PASS,,DM,DM-01a,42 DEG 18.0N 102 DEG 24.0W,42.300,-102.400,13TGG1431886359,900,0
,,false,,,,DM-01a#76,PASS,,DM,DM-01a,01DEG 44 N 101DEG 44 E,1.733,101.733,47NRB0412891805,900,0
,,false,,,,DM-01a#77,PASS,,DM,DM-01a,42:18n 102:24w,42.30,-102.40,13TGG1431886359,900,0
,,false,,,,DM-01a#78,PASS,,DM,DM-01a,42:18n - 102:24w,42.30,-102.40,13TGG1431886359,900,0
,,false,,,,DM-01a#79,PASS,,DM,DM-01a,42:00N-102:18E,42.00,102.30,48TTM7638353303,900,0
,,false,,,,DM-01b#80,PASS,,DM,DM-01b,N42 18.00 W102 24.00,42.3000,-102.4000,13TGG1431886359,15,0
,,false,,,,DM-01b#81,PASS,,DM,DM-01b,N 42 18.00 W 102 24.00,42.3000,-102.4000,13TGG1431886359,15,0
,,false,,,,DM-01b#82,PASS,,DM,DM-01b,N42 18-00 W102 24-00,42.3000,-102.4000,13TGG1431886359,15,0
,,false,,,,DM-01b#83,PASS,,DM,DM-01b,N42 18-00 x W102 24-00,42.3000,-102.4000,13TGG1431886359,15,0
,,false,,,,DM-01b#84,PASS,,DM,DM-02b,N 4218.0 W 10224.0,42.300,-102.400,13TGG1431886359,900,0
,,false,,,,DM-01b#85,PASS,,DM,DM-01b-dot,N42.18.005 x W102.24.008,42.30008,-102.40013,13TGG1430786368,15,0
,,false,,,,DM-01b#86,PASS,,DM,DM-01b,N42 18-005 x W102 24-008,42.30008,-102.40013,13TGG1430786368,15,0
,,false,,,,DM-01b#87,PASS,,DM,DM-01b,+42° 18 -102° 24,42.30,-102.40,13TGG1431886359,900,0
,,false,,,,DM-01b#88,PASS,,DM,DM-01b,N42 18' W102 24',42.30,-102.40,13TGG1431886359,900,0
,,false,,,,DM-01b#89,PASS,,DM,DM-01b,+42 18 -102 24,42.30,-102.40,13TGG1431886359,900,0
,,false,,,,DM-01b#90,PASS,,DM,DM-01b-dot,N42.18.005 x W102.24.008,42.30008,-102.40013,13TGG1430786368,15,0
,,false,,,,DM-01b#91,PASS,,DM,DM-01b,N42:18 W102:24,42.30,-102.40,13TGG1431886359,900,0
,,false,,,,DM-01b#92,PASS,,DM,DM-01b,n42:18 w102:24,42.30,-102.40,13TGG1431886359,900,0
,,false,,,,DM-01b#93,PASS,,DM,DM-01b,N 01° 44' E 101° 22',1.733,101.367,47NQB6330691750,900,0
,,false,,,,DM-01b#94,FAIL,Test Payload: N 01° 44' - E 101° 22'; ,,,,,,,,
,,false,,,,DM-01b#95,PASS,,DM,DM-01b,N 01° 44' - 101° 22',1.733,-101.367,14NKG3669391750,900,0
,,false,,,,DM-01b#96,FAIL,"Test Payload: 01° 44' - -101° 22'     A really obscure use of dash, next to a hemisphere sign. TESTING Only; ",,,,,,,,
,,false,,,,DM-02a#97,PASS,,DM,DM-02a,4218.009N 10224.003W,42.30015,-102.40005,13TGG1431486376,15,0
,,false,,,,DM-02a#98,PASS,,DM,DM-02a,4209.009N 10206.003W,42.15015,-102.10005,13TGG3961170518,15,0
,,false,,,,DM-02a#99,PASS,,DM,DM-02a,4209.00N 10206.00W,42.1500,-102.1000,13TGG3961670502,15,0
,,false,,,,DM-02a#100,PASS,,DM,DM-02a,4209.0N 10206.0W,42.150,-102.100,13TGG3961670502,900,0
,,false,,,,DM-02a#101,PASS,,DM,DM-02a,4209.0N - 10206.0W,42.150,-102.100,13TGG3961670502,900,0
,,false,,,,DM-02b#102,PASS,,DM,DM-02b,N4218.0 W10224.0,42.300,-102.400,13TGG1431886359,900,0
,,false,,,,DM-02b#103,PASS,,DM,DM-02b,N4218.009W10224.003,42.30015,-102.40005,13TGG1431486376,15,0
,,false,,,,DM-02b#104,PASS,,DM,DM-02b,N4218-0018 W10224-0444,42.300030,-102.400742,13TGG1425786361,15,0
,,false,,,,DM-03a#105,PASS,,DM,DM-03a,4218009N10224003W,42.30015,-102.40005,13TGG1431486376,15,0
,,false,,,,DM-03a#106,PASS,,DM,DM-03a,4218009N;10224003W,42.30015,-102.40005,13TGG1431486376,15,0
,,false,,,,DM-03a#107,PASS,,DM,DM-03a,4218009N 10224003W,42.30015,-102.40005,13TGG1431486376,15,0
,,false,,,,DM-03b#108,PASS,,DM,DM-03b,N4218009W10224003,42.30015,-102.40005,13TGG1431486376,15,0
,,false,,,,DM-03b#109,PASS,,DM,DM-03b,N4218009;W10224003,42.30015,-102.40005,13TGG1431486376,15,0
,,false,,,,DM-03b#110,PASS,,DM,DM-03b,N4218009 W10224003,42.30015,-102.40005,13TGG1431486376,15,0
,,false,,,,DM-03-deg#111,PASS,,DM,DM-03-deg,"42° 18, 102° 24",42.30,102.40,48TTM8568186359,900,0
,,false,,,,DM-03-deg#112,PASS,,DM,DM-03-deg,42° 18' 102° 24,42.30,102.40,48TTM8568186359,900,0
,,false,,,,DM-03-deg#113,PASS,,DM,DM-03-deg,42°18 x 102° 24,42.30,102.40,48TTM8568186359,900,0
,,false,,,,DM-03-deg#114,PASS,,DM,DM-03-deg,"42° 18.44, 102° 24.11",42.3073,102.4018,48TTM8585787169,15,0
,,false,,,,DM-03-deg#115,PASS,,DM,DM-03-deg,42° 18.44' 102° 24.11,42.3073,102.4018,48TTM8585787169,15,0
,,false,,,,DM-03-deg#116,PASS,,DM,DM-03-deg,42°18.44 x 102° 24.11,42.3073,102.4018,48TTM8585787169,15,0
,,false,,,,DM-03-deg#117,PASS,,DM,DM-03-deg,42°18.44 x 102° 24.11,42.3073,102.4018,48TTM8585787169,15,1
,,false,,,,DM-04a#118,PASS,,DM,DM-04a,N4218 W10224,42.30,-102.40,13TGG1431886359,900,0
,,false,,,,DM-04b#119,PASS,,DM,DM-04b,4218N 10224W,42.30,-102.40,13TGG1431886359,900,0
,,false,,,,DM-05#120,PASS,,DM,DM-05,/4218N4/10224W5/,42.30,-102.40,13TGG1431886359,900,0
,,false,,,,DM-06#121,PASS,,DM,DM-01b,+42 18.0 x -102 24.0,42.300,-102.400,13TGG1431886359,900,0
,,false,,,,DM-06#121,PASS,,DM,DM-06,+42 18.0 x -102 24.0,42.300,-102.400,13TGG1431886359,900,0
,,false,,,,DM-06#122,PASS,,DM,DM-01b,+42 18.0 X -102 24.0,42.300,-102.400,13TGG1431886359,900,0
,,false,,,,DM-06#122,PASS,,DM,DM-06,+42 18.0 X -102 24.0,42.300,-102.400,13TGG1431886359,900,0
,,false,,,,DM-06#123,PASS,,DM,DM-01b,+42 18.0 / -102 24.0,42.300,-102.400,13TGG1431886359,900,0
,,false,,,,DM-06#123,PASS,,DM,DM-06,+42 18.0 / -102 24.0,42.300,-102.400,13TGG1431886359,900,0
,,false,,,,DM-06#124,PASS,,DM,DM-01b,"+42 18.0, -102 24.0",42.300,-102.400,13TGG1431886359,900,0
,,false,,,,DM-06#124,PASS,,DM,DM-06,"+42 18.0, -102 24.0",42.300,-102.400,13TGG1431886359,900,0
,,false,,,,DM-01a-dot#125,PASS,,DM,DM-01a-dot,03.44.777N 111.10.044W,3.746283,-111.167397,12NVK8141214084,15,0
,,false,,,,DM-01a-dot#126,PASS,,DM,DM-01a-dot,03.44.777 N 111.10.044 W,3.746283,-111.167397,12NVK8141214084,15,0
,,false,,,,DM-01a-dot#127,PASS,,DM,DM-01a-dot,03.44.7778 N 111.10.0442 W,3.7462966,-111.1674042,12NVK8141114086,15,0
,,false,,,,DM-01b-dot#128,PASS,,DM,DM-01b-dot,N03.44.777 W111.10.044,3.746283,-111.167397,12NVK8141214084,15,0
,,false,,,,DM-01a-dot#129,PASS,,DM,DM-01b-dot,N 03.44.777 W 111.10.044,3.746283,-111.167397,12NVK8141214084,15,0
,,false,,,,DM-01a-dot#130,PASS,,DM,DM-01b-dot,N 03.44.7778 W 111.10.0442,3.7462966,-111.1674042,12NVK8141114086,15,0
,,false,,,,DMS-01a#131,PASS,,DMS,DMS-01a,42 18' 00N 102 24' 00W,42.3000,-102.4000,13TGG1431886359,15,0
,,false,,,,DMS-01a#132,PASS,,DMS,DMS-01a,42 18' 00”N 102 24' 00”W,42.3000,-102.4000,13TGG1431886359,15,0
,,false,,,,DMS-01a#133,PASS,,DMS,DMS-01a,"2 8' 00""N 12 24' 00""W",2.133,-12.400,28NGH8921536042,900,0
,,false,,,,DMS-01a#134,PASS,,DMS,DMS-01a,"42° 18' 00""N  102° 24' 00""W",42.3000,-102.4000,13TGG1431886359,15,0
,,false,,,,DMS-01a#135,PASS,,DMS,DMS-01a,42 18-00 N 102 24-00W,42.3000,-102.4000,13TGG1431886359,15,0
,,false,,,,DMS-01a#136,PASS,,DMS,DMS-01a,42 9-00 N 102 6-00W,42.150,-102.100,13TGG3961670502,900,0
,,false,,,,DMS-01a#137,PASS,,DMS,DMS-01a,34°22′24″N   49°14′27″E,34.3733,49.2408,39SUU3824904953,15,0
,,false,,,,DMS-01a#138,PASS,,DMS,DMS-01a,34°22 24″N   49°14 27″E,34.3733,49.2408,39SUU3824904953,15,0
,,false,,,,DMS-01a#139,PASS,,DMS,DMS-01a,34°22′24N   49°14′27E,34.3733,49.2408,39SUU3824904953,15,0
,,false,,,,DMS-01a#140,PASS,,DMS,DMS-01a,34° 22′ 24″N   49° 14′ 27″E,34.3733,49.2408,39SUU3824904953,15,0
,,false,,,,DMS-01a#141,PASS,,DMS,DMS-01a,"34° 22' 24""N   49° 14' 27""E",34.3733,49.2408,39SUU3824904953,15,0
,,false,,,,DMS-01a#142,PASS,,DMS,DMS-01a,"34°22'24""N 49°14'27""E",34.3733,49.2408,39SUU3824904953,15,0
,,false,,,,DMS-01a#143,PASS,,DMS,DMS-01a,"34°22'24""N   49°14'27""E",34.3733,49.2408,39SUU3824904953,15,0
,,false,,,,DMS-01a#144,PASS,,DMS,DMS-01a,"34 22'24""N   49 14'27""E",34.3733,49.2408,39SUU3824904953,15,0
,,false,,,,DMS-01a#145,PASS,,DMS,DMS-01a,"34 22' 24""N 049 14' 27""E",34.3733,49.2408,39SUU3824904953,15,0
,,false,,,,DMS-01a#146,PASS,,DMS,DMS-01a,34 22 24N 049 14 27E,34.3733,49.2408,39SUU3824904953,15,0
,,false,,,,DMS-01a#147,PASS,,DMS,DMS-01a,34 22 24 N 049 14 27 E,34.3733,49.2408,39SUU3824904953,15,0
,,false,,,,DMS-01a#148,PASS,,DMS,DMS-01a,34 22 24N 049 14 27E,34.3733,49.2408,39SUU3824904953,15,0
,,false,,,,DMS-01a#149,PASS,,DMS,DMS-01a,34 22 24 N 49 14 27 E,34.3733,49.2408,39SUU3824904953,15,0
,,false,,,,DMS-01a#150,PASS,"Test Payload: 98 44 009 N, 292 24 03 E  FAIL; ",,,,,,,,
,,false,,,,DMS-01a#151,PASS,,DMS,DMS-01a,27:37:45N/82:42:10W,27.6292,-82.7028,17RLL3199557282,15,0
,,false,,,,DMS-01a#152,PASS,,DMS,DMS-01a,"27 37' 45""N/82 42' 10""W",27.6292,-82.7028,17RLL3199557282,15,0
,,false,,,,DMS-01a#153,PASS,,DMS,DMS-01a,"27° 37' 45’’N, 82° 42' 10’’W",27.6292,-82.7028,17RLL3199557282,15,1
,,false,,,,DMS-01a#154,PASS,,DMS,DMS-01a,"27° 37' 45’N, 82° 42' 10’W",27.6292,-82.7028,17RLL3199557282,15,1
,,false,,,,DMS-01a#155,PASS,,DMS,DMS-01a,27° 37' 45’’N 82° 42' 10’’W,27.6292,-82.7028,17RLL3199557282,15,1
,,false,,,,DMS-01a#156,PASS,,DMS,DMS-01a,"27° 37 45N, 82° 42 10W",27.6292,-82.7028,17RLL3199557282,15,1
,,false,,,,DMS-01a#157,PASS,,DMS,DMS-01a,"01°44'55.5""N 101°22'33.0""E",1.748750,101.375832,47NQB6432493457,15,0
,,false,,,,DMS-01a#158,PASS,,DMS,DMS-01a,"01° 44' 55.5""N 101° 22' 33.0""E",1.748750,101.375832,47NQB6432493457,15,0
,,false,,,,DMS-01a#159,PASS,,DMS,DMS-01a,"01° 44' 55.5""N 101° 22' 33""E",1.748750,101.375832,47NQB6432493457,15,0
,,false,,,,DMS-01a#160,PASS,,DMS,DMS-01b,"N42 18' 00"" W102 24' 00""",42.3000,-102.4000,13TGG1431886359,15,0
,,false,,,,DMS-01a#161,PASS,,DMS,DMS-01b,"N02 8' 00"" W012 24' 00""",2.1333,-12.4000,28NGH8921536042,15,0
,,false,,,,DMS-01a#162,PASS,,DMS,DMS-01b,"+42 18' 00"" -102 24' 00""",42.3000,-102.4000,13TGG1431886359,15,0
,,false,,,,DMS-01a#163,FAIL,"Test Payload: 42 18' 00"" -102 24' 00""; ",,,,,,,,
,,false,,,,DMS-01a#164,PASS,,DMS,DMS-01b,+42:18:00 -102:24:00,42.3000,-102.4000,13TGG1431886359,15,0
,,false,,,,DMS-01a#165,PASS,,DMS,DMS-01b,"N42° 18' 00""  W102° 24' 00""",42.3000,-102.4000,13TGG1431886359,15,0
,,false,,,,DMS-01a#166,PASS,,DMS,DMS-01b,"+42° 18' 00""  -102° 24' 00""",42.3000,-102.4000,13TGG1431886359,15,0
,,false,,,,DMS-01a#167,PASS,,DMS,DMS-01-deg,"42° 18' 00"" 102° 24' 00""",42.3000,102.4000,48TTM8568186359,15,5
,,false,,,,DMS-01a#168,PASS,,DMS,DMS-01-deg,"42° 18' 00"" 102° 24' 00""",42.3000,102.4000,48TTM8568186359,15,4
,,false,,,,DMS-01a#169,FAIL,Test Payload: 03-04-05 12-11-10   Ambiguous date or coordinate -- very possibly neither.; ,,,,,,,,
,,false,,,,DMS-01a#170,PASS,Test Payload: 03-04-05 12:11:10	FAIL - is a date/time pattern; ,,,,,,,,
,,false,,,,DMS-01a#171,PASS,Test Payload: 99-04-05 12:11:10	FAIL - is a date/time pattern - part of 1999-04...; ,,,,,,,,
,,false,,,,DMS-01a#172,PASS,Test Payload: 03-04-58 12:11:10	FAIL - is a date/time pattern - DOB 1958-03-04; ,,,,,,,,
,,false,,,,DMS-01a#173,PASS,Test Payload: 03-04-99 12:11:10	FAIL - is a date/time pattern - DOB 1958-03-04; ,,,,,,,,
,,false,,,,DMS-01a#174,PASS,Test Payload: 14-04-33 12:11:10	FAIL - is a date/time pattern; ,,,,,,,,
,,false,,,,DMS-01b#175,PASS,,DMS,DMS-01b,"N01°44'55.5"" E101°22'33.0""",1.748750,101.375832,47NQB6432493457,15,0
,,false,,,,DMS-01b#176,PASS,,DMS,DMS-01b,"N01° 44' 55.5"" E101° 22' 33.0""",1.748750,101.375832,47NQB6432493457,15,0
,,false,,,,DMS-01b#177,PASS,,DMS,DMS-01b,"N 01° 44' 55.5"" E 101° 22' 33.0""",1.748750,101.375832,47NQB6432493457,15,0
,,false,,,,DMS-01-deg#178,PASS,,DMS,DMS-01-deg,"01°44'55.5"" 101°22'33.0""",1.748750,101.375832,47NQB6432493457,15,0
,,false,,,,DMS-01-deg#179,PASS,,DMS,DMS-01-deg,"01° 44' 55.5"" 101° 22' 33.0""",1.748750,101.375832,47NQB6432493457,15,0
,,false,,,,DMS-01-deg#180,PASS,,DMS,DMS-01-deg,"01° 44' 55.5"" 101° 22' 33""",1.748750,101.375832,47NQB6432493457,15,0
,,false,,,,DMS-01-deg#181,PASS,,DMS,DMS-01-deg,"01° 44' 55"" 101° 22' 33.0""",1.74861,101.37583,47NQB6432493441,15,0
,,false,,,,DMS-01a-dot#182,FAIL,Test Payload: 03.44.777N 111.10.044W; ,,,,,,,,
,,false,,,,DMS-01a-dot#183,FAIL,Test Payload: 03.44.777 N 111.10.044 W; ,,,,,,,,
,,false,,,,DMS-01a-dot#184,FAIL,Test Payload: 03.44.7778 N 111.10.0442 W; ,,,,,,,,
,,false,,,,DMS-01b-dot#185,FAIL,Test Payload: N03.44.777 W111.10.044; ,,,,,,,,
,,false,,,,DMS-01a-dot#186,FAIL,Test Payload: N 03.44.777 W 111.10.044; ,,,,,,,,
,,false,,,,DMS-01a-dot#187,FAIL,Test Payload: N 03.44.7778 W 111.10.0442; ,,,,,,,,
,,false,,,,DMS-02a#188,PASS,,DMS,DMS-01a-dot,01.44.55N 055.44.33E,1.74861,55.74250,40NCG6012593321,15,0
,,false,,,,DMS-02a#188,PASS,,DMS,DMS-02a,01.44.55N 055.44.33E,1.74861,55.74250,40NCG6012593321,15,0
,,false,,,,DMS-02b#189,PASS,,DMS,DMS-01b-dot,N01.44.55 E055.44.33,1.74861,55.74250,40NCG6012593321,15,0
,,false,,,,DMS-02b#189,PASS,,DMS,DMS-02b,N01.44.55 E055.44.33,1.74861,55.74250,40NCG6012593321,15,0
,,false,,,,DMS-03a#190,PASS,,DMS,DMS-03a,421800N 1022400W,42.3000,-102.4000,13TGG1431886359,15,0
,,false,,,,DMS-03a#191,PASS,Test Payload: 5113N 00425E      FAIL; ,,,,,,,,
,,false,,,,DMS-03b#192,PASS,,DMS,DMS-03b,N421800 W1022400,42.3000,-102.4000,13TGG1431886359,15,0
,,false,,,,DMS-04a#193,PASS,,DMS,DMS-04a,4218001234N 10224001234W,42.30003357,-102.40003204,13TGG1431586363,15,0
,,false,,,,DMS-04b#194,PASS,,DMS,DMS-04b,N4218001234 W10224001234,42.30003357,-102.40003204,13TGG1431586363,15,0
,,false,,,,DD-01#195,PASS,,DD,DD-01,"N42.3, W102.4",42.3,-102.4,13TGG1431886359,5550,0
,,false,,,,DD-01#196,PASS,,DD,DD-01,"N 42.3, W 102.4",42.3,-102.4,13TGG1431886359,5550,0
,,false,,,,DD-01#197,PASS,,DD,DD-01,"N42.3°, W102.4°",42.3,-102.4,13TGG1431886359,5550,0
,,false,,,,DD-01#198,PASS,"Test Payload: N98.3°, W192.4°  FAIL; ",,,,,,,,
,,false,,,,DD-01#199,PASS,"Test Payload: N98.3°, W292.4°  FAIL; ",,,,,,,,
,,false,,,,DD-02#200,PASS,,DD,DD-02,42.3N; 102.4W,42.3,-102.4,13TGG1431886359,5550,0
,,false,,,,DD-02#201,PASS,,DD,DD-02,42.3°N; 102.4°W,42.3,-102.4,13TGG1431886359,5550,0
,,false,,,,DD-03#202,PASS,,DD,DD-01,+42.3°;-102.4°,42.3,-102.4,13TGG1431886359,5550,0
,,false,,,,DD-03#202,PASS,,DD,DD-03,+42.3°;-102.4°,42.3,-102.4,13TGG1431886359,5550,0
,,false,,,,DD-03#203,PASS,,DD,DD-03,42.3° x -102.4°,42.3,-102.4,13TGG1431886359,5550,0
,,false,,,,DD-04#204,PASS,,DD,DD-04,Latitude: 42.3N x Longitude: 102.3W,42.3,-102.3,13TGG2256186616,5550,0
,,false,,,,DD-04#205,PASS,,DD,DD-04,Latitude: N42.3° x Longitude: W102.3°,42.3,-102.3,13TGG2256186616,5550,0
,,false,,,,DD-04#206,PASS,,DD,DD-04,Latitude: 42.3 Longitude: 102.3,42.3,102.3,48TTM7743886616,5550,0
,,false,,,,DD-04#207,PASS,,DD,DD-04,Latitude= -42.3 Longitude= 102.3,-42.3,102.3,48GTU7743813383,5550,0
,,false,,,,DD-04#208,PASS,,DD,DD-04,Latitude= 42.3 Longitude= 102.3,42.3,102.3,48TTM7743886616,5550,0
,,false,,,,DD-04#209,PASS,,DD,DD-04,Latitude: 42.3 Longitude: 102.3,42.3,102.3,48TTM7743886616,5550,0
,,false,,,,DD-04#210,PASS,,DD,DD-04,Latitude -42.3 Longitude 102.3,-42.3,102.3,48GTU7743813383,5550,0
,,false,,,,DD-04#211,PASS,,DD,DD-04,Lat:-42.3 Lon:102.3,-42.3,102.3,48GTU7743813383,5550,0
,,false,,,,DD-04#212,PASS,,DD,DD-04,Lat= -42.3 Long= 102.3,-42.3,102.3,48GTU7743813383,5550,0
,,false,,,,DD-05#213,PASS,,DD,DD-05,"N42°, W102°",42,-102,14TKM5153554130,55500,0
,,false,,,,DD-05#214,PASS,,DD,DD-05,"-42°, 102°",-42,102,48GTU5153545869,55500,0
,,false,,,,DD-05#215,PASS,,DD,DD-05,"N 42°, W 102°",42,-102,14TKM5153554130,55500,0
,,false,,,,DD-05#216,PASS,,DD,DD-05,"-42°, +102°",-42,102,48GTU5153545869,55500,0
,,false,,,,DD-05#217,PASS,,DD,DD-05,"-42°, 102°",-42,102,48GTU5153545869,55500,0
,,false,,,,DD-06#218,PASS,"Test Payload: 42°N, 102°N        FAIL; ",,,,,,,,
,,false,,,,DD-06#219,PASS,,DD,DD-06,"42° N, 102° W",42,-102,14TKM5153554130,55500,0
,,false,,,,DD-06#220,PASS,,DD,DD-06,"42 N, 102 W",42,-102,14TKM5153554130,55500,0
,,false,,,,DD-06#221,PASS,,DD,DD-06,42N x 102W,42,-102,14TKM5153554130,55500,0
,,false,,,,DD-07#222,PASS,,DD,DD-07,"N42, W102",42,-102,14TKM5153554130,55500,0
,,false,,,,DD-07#223,PASS,,DD,DD-07,N42 x W102,42,-102,14TKM5153554130,55500,0
,,false,,,,DD-07#224,PASS,,DD,DD-07,N 42 W 102,42,-102,14TKM5153554130,55500,0
